MemberID,Name,Role
101,Ravi Yadav,Faculty
102,Ravi Sharma,Student
103,Kiran Gupta,Faculty
104,Divya Das,Faculty
105,Neha Iyer,Student
106,Suresh Verma,Faculty
107,Vikas Yadav,Student
108,Nidhi Patel,Faculty
109,Divya Sharma,Faculty
110,Nidhi Das,Student
111,Raj Verma,Faculty
112,Neha Sharma,Faculty
113,Rahul Singh,Faculty
114,Manish Iyer,Faculty
115,Kiran Nair,Faculty
116,Pooja Patel,Faculty
117,Nidhi Verma,Student
118,Divya Iyer,Student
119,Kiran Kumari,Faculty
120,Meena Gupta,Faculty
121,Rahul Yadav,Faculty
122,Sunil Sharma,Faculty
123,Komal Patel,Student
124,Sneha Das,Student
125,Kiran Singh,Faculty
126,Aryan Patel,Student
127,Aryan Kumari,Faculty
128,Priya Das,Student
129,Komal Gupta,Faculty
130,Kiran Singh,Student
131,Aryan Singh,Student
132,Manish Gupta,Faculty
133,Sakshi Gupta,Faculty
134,Vikas Das,Student
135,Divya Sharma,Faculty
136,Neha Iyer,Student
137,Sneha Singh,Student
138,Raj Patel,Faculty
139,Priya Yadav,Faculty
140,Ravi Nair,Student
141,Komal Iyer,Student
142,Komal Gupta,Student
143,Priya Iyer,Faculty
144,Ankit Gupta,Student
145,Manish Nair,Student
146,Nidhi Patel,Student
147,Pooja Iyer,Faculty
148,Kiran Kumari,Student
149,Priya Iyer,Faculty
150,Aryan Kumari,Student
151,Aryan Nair,Faculty
152,Sunil Verma,Faculty
153,Vikas Iyer,Student
154,Suresh Verma,Student
155,Neha Iyer,Faculty
156,Pooja Sharma,Student
157,Rahul Das,Faculty
158,Sneha Gupta,Student
159,Rahul Nair,Student
160,Manish Singh,Faculty
161,Nidhi Nair,Student
162,Divya Kumari,Faculty
163,Aryan Kumari,Student
164,Pooja Das,Student
165,Priya Singh,Student
166,Priya Verma,Student
167,Vikas Kumari,Student
168,Nidhi Sharma,Faculty
169,Sunil Das,Student
170,Sneha Singh,Faculty
171,Priya Sharma,Faculty
172,Sakshi Kumari,Student
173,Pooja Nair,Student
174,Rahul Patel,Faculty
175,Suresh Kumari,Faculty
176,Sunil Yadav,Student
177,Ravi Patel,Faculty
178,Suresh Sharma,Faculty
179,Sakshi Das,Faculty
180,Divya Iyer,Faculty
181,Kiran Das,Student
182,Suresh Iyer,Student
183,Sneha Patel,Faculty
184,Kiran Kumari,Student
185,Manish Gupta,Student
186,Sneha Gupta,Student
187,Ravi Iyer,Student
188,Rahul Patel,Student
189,Rahul Gupta,Student
190,Suresh Patel,Student
191,Suresh Nair,Faculty
192,Aditya Gupta,Student
193,Aryan Iyer,Faculty
194,Sneha Patel,Student
195,Aryan Iyer,Student
196,Suresh Patel,Faculty
197,Ravi Das,Student
198,Divya Singh,Student
199,Aditya Yadav,Faculty
200,Priya Gupta,Faculty
